,DATE,EXP,GPE,JOB,ORG,Resume_Name
0, 2018 - P,"
Company deploying a Greenfield implementation of S4 HANA 1709 guided by SAFe Agile methodology and
chemical industry best practices. Program scope includes Central Finance, BPC, MDG, Fiori, CRM, Ariba SLP with
S4 HANA as core ERP platform.
¥ Drove multiple program cross functional initiatives ensuring coordination for an end-to-end process and solution
alignment. Initiatives like OpenText Data Archiving, Tax Localization, Integration of CRM and Ariba SLP to MDG
managed successfully within program schedule and budget.
¥Y Managed workplan execution across EDM and Reporting workstreams. Collaborated with onshore/ offshore
teams across IT and Business Functions to deliver high-quality solution.
Y Deployed user-friendly reports and dashboards using latest analytics platforms like Fiori, Analysis for Office,",,IT Leader,FMC Corporation,hiring_manager_review1 (dragged) 6.pdf
1,,"
¥Y Designed data governance organization responsible to create strategy, policies, standards, rules and
responsibility and increase data ownership, transparency and visibility across company.
¥ Simplified Customer, Material, Vendor and core Finance data creation and change process by co-deploying
SAP MDG 9.1 on top of S4 HANA.
¥ Orchestrated process modernization after driving requirement gathering from Business and IT stakeholders.
¥ Configured MDG Change requests including rules and validation checks for all scenarios: Maintain material,
Plant BP, Intercompany BP, Third-party customer/supplier, profit center, cost center, G/L account.
Accountable for gap analysis, test new process builds, review process design, training and configuration
documentation as UAT, Cutover and Hypercare lead roles.
Deployed contemporary dashboard and reports using latest analytics platforms like Fiori Design Studio, Analysis for
Office, BW4HANA and SAP Analytics Cloud.
Launched new Enterprise Data Hub platform as engine for data conversions and analytics.",,,BW4HANA and SAP Analytics Cloud,hiring_manager_review1 (dragged) 6.pdf
2, 2016 - 2018,"
Sr. Director, Global SAP
Implement Enterprise wide technology initiatives like GlobalNext Tax Upgrade, Concur and Digital Boardroom
serving Procurement, Customer Service, Human Resources and Finance functions. Manage 10 direct reports and
20+ onshore/offshore team.
v Responsible to support all phases of application development, including analysis, business process design,
functional requirements, software specification and design, application delivery, user acceptance testing, and
customer rollout and training for SAP Order to Cash (OTC) and SAP Procure to Pay (PTP) portfolio.
Y Designed VAT rules for all countries by implementing new interface of Thomson Reuter'’s tax engine called
Global Next ensuring end-to-end integration with backend SAP tables.
v Enabled C suite executives to make better decisions by bringing Cash flow metrics to latest analytical suite,
Digital Boardroom. Integrated Accounts receivable and payable data directly to Digital Boardroom powered by
BusinessObjectCloud platform.
Y Deployed Concur and Ariba buying, invoicing and commerce automation solution in 15 months resulting in cost
savings of $2 million in 3 years.
v¥ Managed Corporate budget during AOP and reported project status, risks and issues.",,Sr Director,Viacom NYC,hiring_manager_review1 (dragged) 6.pdf
3, 2008 - 2016,"
IT Project Manager
Deploy 15+ CP/S Deployment Projects by enabling SAP system to drive profitable growth and functional excellence
across all businesses. $35BN revenue transacted and 122,000 users onboarded to SAP platform in 5 years.
vY Led delivery of multiple SAP deployment projects across Americas working in partnership with Business Unit
Deployment leaders and teams.
Y Designed and delivered common process and global template solution by following ASAP best practice
implementation methodology.
¥ Automated 80 percent of financial transactions by migrating 150 legacy systems to 10 SAP systems globally in
five years, saving the company $30 million.
Y Designed project charter and plans for ECC 6.0 upgrade defining scope, assumptions, risks, resource plan,
schedule and overall project approach.
v Partnered with Business Unit teams to identify and deliver business benefits and continuous improvement
opportunities. Resolved crisis to ship $2M worth inventory to fulfill Customer orders and meet quarterly revenue
targets.
v¥ Managed overall delivery of cutover plan during multiple go lives. Ensured effective change management
process across deployment projects.
v¥ Responsible for ensuring program teams meet tollgate entry and exit criteria of program. Coordinated and
resolved deployment project status and issues where necessary.
v Established program team to implement Supplier Self Services (SUS) across company in 6 months. Improved
inventory visibility across the enterprise after collaborating with key suppliers through EDI.
¥ Launched 25 contemporary Fiori mobile apps for Procurement, HR and Finance for 10k users. Utilized best-in
class Design thinking methodology and Scrum tools during app development.
Y Transitioned to leadership role within Corporate after couple of years. Charted future state architecture and IT
application roadmaps by partnering with ClO and business/ technology leaders. Member of 50 + organization
tasked to understand feasibility of deploying S4 HANA as core platform across 7 business divisions.
¥ Yield $200 million savings by replacing SAP SRM and Dolphin systems with Ivalua SaaS solution, bringing $3.5
billion of Indirect Procurement spend to common platform.",,IT Project Manager,Honeywell,hiring_manager_review1 (dragged) 6.pdf
4, 2007 - 2008,"
Project Manager role
Y Directed team of 15 to onboard major office-supplies supplier to existing catalog. Created project plans and
ensured on-time, cost and quality delivery by partnering with internal and external supplier teams.
Y Oversaw migration of Requisite catalog to SRM-MDM Catalog v2.0. Served as liaison between multiple
business units, project managers, program managers, and internal project resources.
vY Migrated SRM to NetWeaver Portal 6.0 after coordinating with Business, IT and Security teams and providing
single user interface for all SAP transactions.",,Project Manager role,Grainger,hiring_manager_review1 (dragged) 6.pdf
5, 2005 - 2007,"
Senior Consultant
Provided management consulting to multiple clients on Enterprise design, SAP rollout plans, instance strategy and
approach. Monitor workplans and tasks for 20 resources.
Client 1 - Utility: Configured and deployed SAP MM and WM after facilitating workshops with Business and IT
stakeholders. Designed functional specifications for system enhancements. Developed unit-test and integration
test scenarios. Documented business process procedures for process design, serving as input to training
documents.
Client 2 - CPG: Analyzed business needs and developed new strategies and solutions to select most relevant
tools and techniques to meet specific client requirements, including business case, pricing, financial analysis,
interpretation, and reporting. Realized a $3.3M savings in process cost. Reduced purchasing cost by leveraging
global accounts. Designed and implemented electronic requisitioning and approval processes for oversight of
indirect spend throughout 450 distribution centers. Developed the SAP system for integration with backend AP
systems for centralization of procurements and payments. Created a new system to integrate with Procurement
Card Plan for support of the reconciliation process. Led integration of SRM system with backed SAP 4/3 4.7 HR
system.
Client 3 - CPG: Reduced purchasing cycle from 10 days to 24 hours, a 75% reduction in order handling cost.
Drove cost savings by up to $8M in purchasing cost. Designed and implemented new global common, inventory
management, and accounts payable policies and practices. Directed the deployment of procurement and
accounts payable shared services.
Client 4 — Spare Parts: Designed Global template master plan using Global ASAP methodology. Co-innovated
with SAP and major automobile company to develop new Service Parts Management (SPM) solution to manage
$2B of inventory. Improved supply chain visibility by 80% by introducing Supplier Network Collaboration to 8000
suppliers and dealers.
Prior Experience",,Senior Consultant,Deloitte Chicago,hiring_manager_review1 (dragged) 6.pdf
6, 2001 — 2005,"
Various analyst roles at Aditya Birla group and other companies, India, 1994-2000",,Consultant,Cimcon Software,hiring_manager_review1 (dragged) 6.pdf
7,1/2014 - P,"
Coordinate a global multi-functional team to define strategy, deliver exceptional value,
drive customer acquisitions, exceed revenue/profit goals and retain highly engaged
customers in multiple industries.
Manage and provide day-to-day support for 40+ customer accounts totaling > $10
million in recurring annual revenue.
Lead pre-sales process by developing tailored product demos and trainings
on software, hardware, and services. Deliver at least 5 demos per month.
Design and manage pilots and full implementations. 90% success rate
converting pilots into ongoing customer engagements.
Drive technology and service adoption initiatives. Exceed annual goals with
100% customer retention.
Pursue upselling and cross-selling opportunities that generate 35% avg.
annual revenue growth across accounts.
Utilize data and on-site process analysis to diagnose supply chain issues and
drive continuous process improvement. Deliver an average annual ROI of
>400% in claims reductions per customer.
Act as the voice of the customer; collect and document customer
requirements and user feedback. Collaborate with product managers and
engineers to contribute product innovations that address customer needs.
Establish strong relationships with customers and prospects. Serve as a
passionate customer advocate throughout the engagement process, including
onboarding, deployment and maintenance.
Maintain a deep understanding of all products and services in order to match
customer needs with appropriate solutions. Regarded a power user of technology
and resident product expert.
Keep abreast of technological and competitive developments. Conduct
research on industry practices and standards to drive evolution of product
and service offerings.
Represent the organization at industry conferences and task forces. Prepare
and deliver marketing and educational presentations to promote products
and services and provide thought leadership.
Oversee the work of junior program managers and support specialists.",,Senior Program Manager,Sensitech,hiring_manager_review1 (dragged) 7.pdf
8,1/2010-12/2013,"
Planned, implemented, managed and evaluated several programs designed to continuously improve the supply chains of
companies that produce and distribute temperature-sensitive and high value products.
> Provided technical support and customer service to a portfolio of 20+ high profile clients.
> Managed strategic initiatives projects that streamlined product & service offerings.
> Trained and oversaw the work of several Data Management Associates and Support Specialists.",,PROGRAM MANAGER,Sensitech,hiring_manager_review1 (dragged) 7.pdf
9,8/2006- 12/2009,"
> Managed large data sets/databases, analyzed temperature and logistics data and created technical reports; used
process improvement and statistical methodologies to evaluate customers’ supply chains.
> Organized regular meetings with customers to present findings and make recommendations.
> Made on-site visits to assist customers in diagnosing cold chain issues and implementing process improvements.",,PROGRAM ANALYST,Sensitech,hiring_manager_review1 (dragged) 7.pdf
10,3/2004-8/2006,"
Managed internal and external research and evaluation activities for the organization and created publications that were
used to obtain grants to fund programs and services.
> Worked with the Vice President of Research & Evaluation to manage all aspects of three major Evidence of Impact
research studies, including research design, sample selection, interviews and focus groups.
> Worked with a variety of internal and external stakeholders to develop, revise, distribute and collect instruments
(surveys, databases, interview protocols, etc.) for program and service assessment.
> Analyzed quantitative and qualitative data (from small to large and complex data sets) to generate new knowledge
about citizen service, community change, and youth development.
> Developed and carried out dissemination strategies: prepared reports for different audiences; presented and
interpreted findings in support of policy analysis, best practice case development, and outcome measurement.
> Served as a liaison for 17 national and international sites; provided training, support, and technical assistance in
carrying out research and evaluation.",,RESEARCH ASSOCIATE,City Year,hiring_manager_review1 (dragged) 7.pdf
11,1/2003-6/2003,"
Designed and justified a comprehensive quality control plan to improve the average outgoing quality of orders shipped
from Staples Fulfillment Centers. This was the senior year capstone project for Industrial Engineering majors at
Northeastern University. The plan included a sampling policy, a statistical process control program, human-factors and
process improvement recommendations.",,INDUSTRIAL ENGINEERING PROJECT LEADER,Staples,hiring_manager_review1 (dragged) 7.pdf
12,1/2001-12/2001,"
Worked with the Vice Presidents of QA, Engineering and Production to plan and implement several continuous
improvement projects affecting quality and manufacturing processes.
> Trained production personnel in the identification, containment, and prevention of quality issues. Communicated with
suppliers, customers, and internal departments to resolve corrective actions.
Participated in material review board for disposition of non-conforming material. Developed and revised Standard
Operating Procedures and Work Instructions.
Conducted internal audits based on ISO 9000 and QS 9000 standards.
Oversaw receiving, in-process, and final inspections; performed layout inspections according to blueprints.
Participated in Lean Improvement Teams working on increasing throughput, Five-S, and cell standardization.
Implemented a process to monitor manufacturing processes and product quality using SPC and Process Capability
Analysis.",,QUALITY ASSURANCE PROJECT MANAGER,Cole Hersee Company,hiring_manager_review1 (dragged) 7.pdf
13,,,,,VVVWV,hiring_manager_review1 (dragged) 7.pdf
14,April 2017-December 2017,,,Senior Technical Account Manager,HubSpot,hiring_manager_review1 (dragged) 8.pdf
15,June 2014-May 2017,,,Customer Success Manager,PwC,hiring_manager_review1 (dragged) 8.pdf
16,April 2013-May 2014,,,Senior Management Consultant,Basis,hiring_manager_review1 (dragged) 8.pdf
17,May 2012-May 2013,,,Senior Sales Analyst,Santander Bank,hiring_manager_review1 (dragged) 8.pdf
18,,"
¢ Consulted Senior Management for multiple business units to assess needs and design & issue
accompanying RFP’s to render associated products or services
¢ Maintained all relationships and interactions between the bank, clients, and external firms
¢ Presented reports and recommendations before the Bank’s Executive Procurement Committee",,Deal Analyst,,hiring_manager_review1 (dragged) 8.pdf
19,,"
Responsibilities:
e Trusted advisor to customers for Big Data & Hadoop solutions selling, delivering business-
oriented solutions, Product Development, System Design, Business Intelligence, Data Security,",,Organization,Cloudera Inc,hiring_manager_review1 (dragged) 9.pdf
20,,"
Advance Analytics. Implemented large programs for entire HDP stack including streaming & low
latency solution based on Storm, Kafka, Phoenix, Hive, HBase.
e Leading Professional services team, responsible for Business Development, Pre-Sales,
Profit/Loss, Scoping, Revenue Expansions, Contract Management & Negotiations. Involved in
Interaction and communications with clients at all levels including Director & CxO level
personnel.
© Delivery owner of multiple concurrent complex engagements, bridging gap between business &
technology with PMO best practices.
© Developed an enterprise strategy for Architecting, delivering, and deploying a modern Data
Management ecosystem capable of fulfilling the requirements of both Data Science and Data
Lake use cases.
e Expertise in designing highly secure cloud services and cloud infrastructure using AWS &",,Big Data Architecture,Artificial Intelligence,hiring_manager_review1 (dragged) 9.pdf
21,,,,Responsibilities,Microsoft Azure,hiring_manager_review1 (dragged) 9.pdf
22,,"
Relationship, Governance, Collaboration & Team Building.
Responsible for Digital Transformation, PMO & Advance Analytics initiatives.
Designed the Center of Excellence required to support and advance the modern Data
management system.
Involved in use case meetings with business and map the business requirements to Big Data
based Hadoop architectures.
Directly responsible to respond to all BI project charters with detailed efforts & staffing plan.",,Responsible for Business Development,Delivery Management,hiring_manager_review1 (dragged) 9.pdf
23,,"
Provided Architectural recommendations around infrastructure architecture/Big Data
Architecture/Application Design, Data Integration, Business Intelligence and Data Analytics.
Responsible for overall Delivery at Engagement level, Business Development, Customer
Relationship, Budgeting, Resource Management, Revenue Forecasting & Single Point of contact
for Client Escalations.
Implemented Agile (Lean-Kanban) across all development projects. Designed & implemented
hybrid agile process at program level.
Served as Data Integration lead to deliver roadmap for enterprise data warehouse _re-
architecture, better hierarchy management, flexibility, extensibility and solutions to current
reporting / ad hoc querying limitations.
Participate in technical architecture and design discussions.
Interface with business partners and executive leadership.",,Responsibilities,Led Architecture & Design for Big Data Analytics platform and Development of Data Lake,hiring_manager_review1 (dragged) 9.pdf
24,,"
nV e ry “eh O on A rs Apple n\
Responsibilities:
Leadership for Apple Online Store B2C Ecommerce assessment program.
Implemented agile project management process, tools techniques, created project plans,
identified key milestones, identified risks, developed risk mitigation plans, identified
bottlenecks, capacity planning, change management, performance & tuning of DB and OS.
Identified bottlenecks for Apple Online Store ecommerce platform.
Developed database solutions by designing proposed system; defining database physical
structure and functional capabilities, security, back-up, and recovery specifications.
2|Page
¢ Implemented highly scalable Database solutions to improve the performance of Apple Online
Store.",,Organization,Wipro Ltd,hiring_manager_review1 (dragged) 9.pdf
25,,"
¢ Responsible for end to end lifecycle of BI and analytic implementations (Design, Build, Deploy,
Evolve).
© Created project plans, defined key milestones, identified risks, developed risk mitigation plans,
tracked risks and communicated the progress of the projects to stakeholders and to
management.
¢ Led the installation, configuration and benchmarking of all Hadoop environments Dev, Test and
Production.
e Successfully executed multiple Advance Data Analytics using Hadoop framework, Mobile Apps
Store, Infrastructure and Data Center Migration Projects.
¢ Created sprint plans along with scrum masters, tracked the progress of Sprints, created
dashboards in Jira for the latest project status.
¢ Created new process and improved existing process for better quality and schedule
management.
¢ Data migration from legacy systems to new solutions.
© Designed and implementation of the movement of data throughout the enterprise.
© Defined technical standards and guidelines to encourage reuse of existing data stores, as well as
address issues of security, timeliness, and quality.
© Coordinated the documentation of interfaces and data movement, including the frequency of
movement, the source and destination of each step, how the data is transformed as it moves,
and any aggregation or calculations.",,Responsibilities,Performance Tuning and Benchmarking for Oracle Databases & Operating systems,hiring_manager_review1 (dragged) 9.pdf
26,,"
¢ Managed Infrastructure & Database migration project.
¢ Worked with management team to discuss the technical design and architecture.
¢ Project planning, scheduling, tracking, project reporting, project resource requirement
identification, resource planning, budget management, change management, deployments
management, release management, bug tracking, service operations management, providing
Technical support on projects, ensuring product quality, team management, client relationship,
conducting status meeting and client reviews.
e Installed & configured multiple Oracle RAC databases, Physical Standby & logical standby DB
Servers.
¢ Designed High Availability solutions, DB Backup Methodologies using RMAN & performance
benchmarking for Oracle & Mysql Database.",,Apr’09 Solutions Architect,Responsibilities,hiring_manager_review1 (dragged) 9.pdf
27,,"
¢ Worked as agile scrum master and lead DB team at Nokia R&D lab at Helsinki.
¢ Project planning, scheduling, tracking, project reporting, project resource requirement
identification, resource planning, budget management, change management, deployments
management & release management.
¢ Worked with Database team to develop, implement and monitor standards and procedures to
3|Page
ensure optimum performance, scalability and reliability.
¢ Performance Tuning; Diagnostic evaluation using ADDM & AWR.
e Installed & Configured multiple Oracle Real Application Clusters (RAC) & Dataguard solutions.
eT MO ede TK 8) Technical Lead (Nokia Finland/China)
Responsibilities:
¢ Installation of Oracle, Solaris, Storage, network configuration, optimization of DB & OS. Backup
methodology using RMAN, DB security, performance & tuning, DB maintenance, provided DBA
support for 24*7 environment, handled live customer DB cases.
¢ Automated routine resource monitoring CPU, memory, I/O, RAC/ASM.",,Apr’08 Technical Lead,Responsibilities,hiring_manager_review1 (dragged) 9.pdf
28,,"
Responsibilities:
e 114i Apps installation, patching, up gradation, Users account management, managing concurrent
managers, ensure system is running smooth, monitoring, backup, recovery, tuning of database.",,Organization,Oracle India Development Center,hiring_manager_review1 (dragged) 9.pdf
29,,,,Organization,GTL Ltd,hiring_manager_review1 (dragged) 9.pdf
30,,"
e Installed Oracle Real Application Cluster database. Responsible for routine DBA activity,
maintained RAC database, backup methodology, recovery of database, monitoring,
performance and tuning.
¢ Provided 24*7 DBA & SysAdmin support to clients.",,Responsibilities,INNA OK Fe Me) Oracle DBA /Unix Sys Admin,hiring_manager_review1 (dragged) 9.pdf
31,,"
Responsibilities:
¢ Responsible for Oracle DB administration & UNIX sys admin, PL-SQL coding, documentation,
client training, creating database, DB Security, data migration, Database up gradation of
software, backup methodology & DB recovery.
¢ Database monitoring, data recovery with or without RMAN, performance & tuning.
© Managed all aspects of database management software.
e SQL tuning for performance maximization.",,Organization,CMC Ltd,hiring_manager_review1 (dragged) 9.pdf
32,,,,,Head of Client Success,hiring_manager_review1 (dragged) 11.pdf
33,Jul 2018 — P,"
¢ Lead client success efforts and strategy in the US for a Swiss-based AI startup
Implement the Starmind SaaS platform and act as project manager to new clients during onboarding
Hold webinars and workshops for current clients to drive adoption
Hold Quarterly Business Reviews to demonstrate on-going value from the Starmind partnership
Create a Client Success Playbook for the US market
Develop materials necessary to service clients and advance Starmind in the US
Work collaboratively across internal Starmind departments to deliver for clients and improve value
Drive high retention and contribute to upselling and renewing of current client accounts
Conduct relationship NPS survey and turn client base into Promoters
Client Account Executive (Relationship Manager) - National Accounts",,Client Account Executive,"Starmind , Inc",hiring_manager_review1 (dragged) 11.pdf
34,Nov 2016 — July 2018,"
¢ — Strategically manage ADP’s relationship with a portfolio of their largest accounts, especially at the executive
and C-levels
¢ — Oversees all retention-focused activities including contract negotiations and quarterly business reviews
e — Acts as an internal advocate for clients within ADP and works internally across the organization to ensure
success and further partnership
¢ — Drive higher client engagement and overall scores in annual client relationship surveys (NPS)
¢ Devise a strategy for each client to become a reference for ADP
¢ — Drive increased partnership with clients and work to deepen their connection to ADP both in overall experience
and in services utilized, particularly SaaS
¢ Work with sales to win new opportunities for ADP
¢ Holds a leadership role in the Client Engagement Committee, Accounts Receivable Committee, is a founding
member of the Client Account Executive Advisory Committee and selected Subject Matter Expert for contract
renewals
Senior Account Manager",,Senior Account Manager,Automatic Data Processing,hiring_manager_review1 (dragged) 11.pdf
35,Mar 2014 — May 2016,"
¢ Manage relationships with over 40 strategic clients whose combined business is in excess of $24.3 million
¢ Develop and cultivate relationship with C-level executives and other key decision makers
e — Research customers’ supply chain and business processes and leverage internal resources to create bespoke
solutions in support of clients’ business needs
e Advocate internally for each client to both ensure complete satisfaction and exceed expectations
¢ Grew territory to 104% effective to business plan over 2 years
e — Actively identify and pursue new business opportunities using Siebel CRM software
Key Account Executive",,Key Account Executive,United Parcel Service,hiring_manager_review1 (dragged) 11.pdf
36,Oct 2012 — Mar 2014,,,Volunteer Experience,United Parcel Service,hiring_manager_review1 (dragged) 11.pdf
37,Apr 2015 — May 2016,,,The International Rescue Committee,ESL Class Tutor / Professional Mentor,hiring_manager_review1 (dragged) 11.pdf
38,May 2015 — May 2016,,,Community Volunteer / Instructor,Hoboken Cove Community Boathouse,hiring_manager_review1 (dragged) 11.pdf
39,,,,Process and Project Lead II,Head of Professional Services,hiring_manager_review1 (dragged) 12.pdf
40,,"
= Hired, trained and managed an award-winning PM, SE and CSM team that executed $21
million in (SaaS and PaaS) onboarding and maintenance projects annually
= Restructured project lifecycle leading to a decrease in average project duration from 20
weeks to 16 weeks and a $30K average reduction in internal project costs
= Completed resource, KPI and regional utilization reports for executive team
= Spearheaded the development of internal project methodology and project documentation
for the US Client Services Division
eFASHIONSOLUTIONS gg Secaucus, NJ m 11/2007 - 6/2011 m e-Commerce Web Solutions",,Senior Project Manager,,hiring_manager_review1 (dragged) 12.pdf
41,,"
= Managed order-to-cash suite implementations employing a Systems Development Life
Cycle (SDLC) derived methodology
= Provided administrator and user application training to clients on multiple applications
= Configured and tested administrator sections of software and validated SQL-based data
= Contributed to the development of a fully integrated SaaS dashboard module
ACEVA TECHNOLOGIES @ San Mateo, CA g 11/2002 - 4/2007 m Treasury Software Solutions",,Client Services Team Lead,Consultant,hiring_manager_review1 (dragged) 12.pdf
42,,"
based methodology
= Developed and maintained strong rapport with clientele by understanding their project
objectives, criteria for success and delivering on expectations
» Assisted in system testing, configuration, data validation and user training
= Managed change control documentation, evaluation, issue escalation and resolution
= Conducted gap analysis of clients’ accounts receivable processes and policies",,IT Project Manager,,hiring_manager_review1 (dragged) 12.pdf
43,May 2017 — C,"
Engagement Lead- Technology Advisory Intelligent Automation
e Delivered $3M+ in sales by providing launching new services and partnerships with Intelligent Automation vendors
combining solutions RPA, Machine Learning, Data Analytics capabilities and architected a go-to-market strategy across
different service lines.
e Extensively supported pre-sales activities by preparing marketing collaterals and creating solution stack for the IA ecosystem
leveraging automation vendors, machine learning tools, data ingestion engines and cloud support
¢ Created new relationships and partnerships with emerging vendors in the automation ecosystem and contracted agreements
e Leda global bank’s enterprise wide development of an Intelligent Automation playbook across several dimensions that
included opportunity identification, governance, risk and control and return on the investment
e Led the establishment of a global asset manager’s IA center of excellence through opportunity identification for solutions that
include RPA, Machine Learning, Analytics
¢ Created business case to sell outsourcing (BPO) services in conjunction with the automation roadmap for the client.
¢ Communicated with offshore product development teams to create competitive solutions and features, resolve problems, and
product lifecycle support
¢ Managed projects teams ~ 10 people. Led Cloud AI circle providing POV on vendor capabilities, ecosystem, pricing model
and go to market strategy",,Independent Consultant,,hiring_manager_review1 (dragged) 13.pdf
44,March 2015 — April 2017,,,Perficient,Dodd Frank Regulatory reporting,hiring_manager_review1 (dragged) 13.pdf
45,May 2013 — Feb 2015,,,Principal Consultant,Consultant,hiring_manager_review1 (dragged) 13.pdf
46,March 2011— March 2013,,,Consultant,Business Process Automation,hiring_manager_review1 (dragged) 13.pdf
47,Oct 2007 — Dec 2010,"
Communicated with business executives on a strategic level
Performed statistical analysis on process measurements
Understood the business processes and the business need to translate them architecturally into services and operations
Worked with architects to interpret business needs into service oriented, process driven business models using BPMN
Determined process capability using Six Sigma
Worked closely with the PMO on funding, resource planning and project management
Supported change initiatives through strategic planning and gap analysis",,,,hiring_manager_review1 (dragged) 13.pdf
48,Sep 2017 - P,"
© Key member of small team responsible for group-wide strategy, competitive intelligence, market analysis and high
sensitivity projects with audiences including senior executives, CxOs and Capgemini’s board of directors.
© Analyze and author points of view and reports on technology trends, partner ecosystem, and competitor market plays.
© Conduct detailed analysis of competitors, partners and M&A targets to inform growth opportunities for market plays,
M&A and portfolio rotation.
© Lead and participate in wider strategic projects involving key technology partners such as Google, Amazon or Microsoft.",,Senior Manager,Capgemini,hiring_manager_review1 (dragged) 14.pdf
49,Jan 2017 - Sep 2017,"
Worked as engagement manager and lead management consultant in three-to-five person teams on a diverse set of client
engagements spanning industries and geographic markets. Managed project teams of consultants and analysts to complete
client engagements. Drafted and presented client deliverables. Engaged in business development including thought
leaderships publication and authoring proposals.",,Manager,Accenture,hiring_manager_review1 (dragged) 14.pdf
50,May 2015 - Dec 2016,,,Associate,,hiring_manager_review1 (dragged) 14.pdf
51,Mar 2014 - Apr 2015,"
Danone Amsterdam, Netherlands
Fortune Global 500 food & beverages company",,Trading Manager,Danone,hiring_manager_review1 (dragged) 14.pdf
52,Mar 2011 - Feb 2014,"
© Held responsibility for a multi-billion euro per year global financial trading flow from 30 factories to 80 sales units with a
team of 5 direct reports.
© Key accomplishments include increasing team efficiency by approx. 25% per year, stabilizing financial results, and
improving accuracy of forecasting.",,Accounts Payable Manager,,hiring_manager_review1 (dragged) 14.pdf
53,Sep 2010 - Feb 2011,"
© Managed team of 3 direct reports that processed approx. 10,000 invoices per year.
© Key accomplishments include stabilizing workload and increasing team efficiency by approx. 33%.",,,,hiring_manager_review1 (dragged) 14.pdf
54,Sep 2008 - Aug 2010,,,Startup Fintech company,Welke Financiéle Diensten,hiring_manager_review1 (dragged) 14.pdf
55,May 2007 - Aug 2008,,,,,hiring_manager_review1 (dragged) 14.pdf
56,2016 — 2019,"
Director, Digital Reporting and Analytics
Oversaw all e-commerce reporting and analytics, using a deep knowledge of all digital enterprise data and its
sources to ensure that key leaders across the organization received the insights necessary to understand business
trends and performance. Moreover, leveraged this knowledge to provide accurate financial forecasting and
strategic leadership, acting as trusted advisor to senior executives making critical business decisions.
¢ Responsible for advancing Barnes & Noble’s use of data and analytics
— Evolved the organization’s use of data and analytics across all areas, including: web analytics, revenue
management, marketing channel attribution and customer insights
— Worked cross-functionally with Digital Experience, Digital Operations and New Business teams, as
well as other leaders throughout the organization to develop and define Key Performance Indicators
crucial in driving thoughtful, comprehensive and actionable data
— Developed a robust, relevant and rigorous suite of business reports, providing a comprehensive view of
the entire digital business
— Designed and implemented reporting solutions to continually monitor all e-commerce sales activities
and proactively notifying key personnel when KPIs fall beyond acceptable thresholds and tolerances
* Responsible for designing/creating digital commerce sales and revenue forecasting
— Established annual sales planning/forecasting process for business, including: category managers,
merchandise planning and promotional planning
— Constantly communicated and partnered with executives across the organization, ensuring that
budgeted/forecasted results were achieved
— Key partner throughout the organization for insights and analytics around the effectiveness in
investments
— Provided analysis and guidance on numerous aspects of online and omnichannel business, including:
competitive pricing, attachment sales, basket analysis, SOS appeasements, store pickups and
cancellations, operations, shipping and promotion analysis
Robert J. Colasanti — p. 2",,Director,Barnes & Noble,hiring_manager_review1 (dragged) 15.pdf
57,2014 — 2016,"
Senior Analyst, Finance, Global e-Commerce
Developed and enhanced the “Toys R Us” global e-commerce operating model for Finance, Accounting and
Reporting. Additionally, collaborated with all functional business areas to define and develop business
requirements for launch of global e-commerce websites within existing markets.
* Responsible for e-commerce budgets
— Managed overall e-commerce budgets and advised on all e-commerce financial planning activities, with
a focus on long-term view, KPI analysis and analysis of overall financial performance
— Owned global consolidated reporting and analyzed organizational financial performance to draw
actionable insights and drive sustained global e-commerce business growth
— Overhauled, outsourced and automated recurring report generation operations, allowing FTEs to solely
concentrate on analyzing and advising the business
* Responsible for executing global e-commerce platform strategy
— Launched multiple market e-commerce websites, order management systems and fulfillment
management systems in less than nine months
— Served as both finance and back-end subject matter expert for global e-commerce platform strategy
— Directed initial startup of all e-commerce websites and worked with local teams to implement processes
to support global e-commerce financial and reporting consolidation",,Senior Analyst,Toys R Us,hiring_manager_review1 (dragged) 15.pdf
58,1997 — 2013,"
Evolved an underperforming, privately held regional music organization into a well-established, nationally
recognized, highly accomplished business.
* Responsible for company performance
— Owned overall P&L, monitored/forecasted revenue, tracked/controlled costs
— Promoted and produced 18,000+ concerts and events
— Within aggressive, entrenched competitive environment, led evolution from relying exclusively on
outside promoters to handling all booking in-house, resulting in a 40% increase to annual revenue
— Responsible for performance of 140-person staff (hiring, training, performance and compensation)
¢ Managed overall operation
— Brought definition/focus to audience targeting, including customer and business-to-business segments
— Owned relationship with critical business vendors (Sony, Diageo, Delta, Philip Morris, In-Bev, US
Government) to establish mutually effective and brand-appropriate marketing initiatives
— Personally managed artist/artist management relations, maintaining goodwill and securing loyalty",,General Manager,Fine Line Music,hiring_manager_review1 (dragged) 15.pdf
59, 2017 To P,"
Focused on JP Morgan’s Institutional Digital Channels including Web, Mobile, & API Capabilities. Lead Strategic
engagements to enhance the customer experience through platform investments or operational improvements
Selected Achievements
e Led the development of the division’s first Voice of Customer Program, including client advisory groups,
digitally integrated surveys, and usability testing; interviewing 100+ clients to identify areas of
opportunities across the platform
e Drive recommendations and create product requirements for identified web & mobile opportunities, and
work with leadership to advocate for platform investments
e Partner with teams internally, leading ideation & design thinking workshops to identify operational
efficiencies; currently implementing a new process improvement to produce industry leading client service
& onboarding",,Vice President,JP Morgan Chase,hiring_manager_review1 (dragged) 17.pdf
60, 2015 To 2017,"
Internal consultant on AXPs Institutional Product Management team, working with leadership across the
organization to produce recommendations and lead the execution of strategic initiatives
Selected Achievements
e Led the repositioning of the B2B Product Portfolio during a merger of business lines: leveraged
quantitative / qualitative research to drive convergence, made recommendations, and implemented
change in the business
e Led the client segmentation for new small business financing products, working closely with product
SMEs to create strategy
e Re-imagined the customer journey; hiring and partnering with an external vendor to develop a new set of
B2B marketing collateral
Brandon Mavleos, MBA Page 2
Various Startups | Cape Town, South Africa & New York, NY",,Senior Manager,American Express,hiring_manager_review1 (dragged) 17.pdf
61, 2014 To 2015,"
e Talent Inc. (11 months): Assisted the CEO in the launch of an international brand of career products,
successfully securing partnerships across the US and 10+ international markets
e Reciprocity Inc. (5 months): While completing my MBA served as engagement lead for a local
consultancy contracted by a major Healthcare brand to assess the South African Market
e DealGenie (3 months): Advised a fellow business school colleague on the launch of a deal aggregator in
the US market, including partnership identification & revenue analysis",,Selected Engagements & Achievements,Strategy & Operations,hiring_manager_review1 (dragged) 17.pdf
62, 2010 To 2014,"
Started on the team as an Analyst, and was promoted twice, ultimately to Senior Manager. Focused on the
product management and sale of various financial portfolios to Fortune 500 companies
Selected Achievements
e Led engagements for energy & technology clients, traveling to consult and manage relationships; opened
new accounts totaling ~$300M in assets
e Responsible for the analysis of customer portfolios and offering recommendations for cash management
e Asan analyst created new product education, sales documents, and board presentations",,Senior Manager,Morgan Stanley,hiring_manager_review1 (dragged) 17.pdf
63, 2009 To 2010,"
team’s first customer in Russia",,Analyst,ICAP London,hiring_manager_review1 (dragged) 17.pdf
64, 2016 To P,"
Simplifying the insurance experience for individuals and small business owners in a “startup” within a large insurance
company
¢ Product Management: Develop product vision, strategy, and roadmap to reimagine the customer experience.
Manage multi-million dollar budget and execution of agile delivery teams from inception to product launch.
¢ Customer Experience: Lead design thinking workshops and customer journey exercises to identify suite of
solutions including machine learning, automation, APIs to transform the customer experience.
¢ Analytics: Implemented data and metrics strategy to measure customer satisfaction, net promoter score
(NPS), and ROI to inform data driven decision making for prioritization of features and enhancements.
* Operating Efficiency: Streamlining existing processes and digitizing manual steps in existing workflows to
decrease manual touch points and improve customer service across all communication channels.
* Strategic Partnerships: Actively scout fintech and insurtech partnership opportunities to complement
internal delivery of best in class experiences for digital payments, messaging, and machine learning models.",,Vice President,Digital Transformation,hiring_manager_review1 (dragged) 18.pdf
65, 2012 To 2015,"
Led cross-functional teams to execute on the top 10 priorities of the CEO and Board of Directors.
* Mergers & Acquisitions: Integration Program Manager on $28 billion acquisition. Managed efforts of
individuals across two companies to develop a combined operating model and post merger integration plan for
over 2,000 employees in Claims to deliver target cost savings of $100M.
¢ Executive Presentations: Developed presentations for C-suite executives and Board of Directors. Worked
directly with CFO on high profile projects and strategic growth initiatives.
¢ Process and Operations Improvement: Implemented end to end operations improvement processes in
underwriting and claim handling function to improve cycle time and overall customer satisfaction.
¢ Business Analytics: Utilized predictive analytics and business intelligence tools to understand high net worth
consumer behavior. Successfully piloted customer acquisition and retention plans in key geographies.
¢ Financial Modeling: Prepare investment request proposals and business cases for technology investments,
geographic expansion, and new product launches. Over $200 million in funding approved.
¢ Annual Business Planning: Designed new streamlined data and analytics driven approach to guide a
collaborative and transparent approach to multi-year business planning.",,Assistant Vice President,Global Corporate Strategy,hiring_manager_review1 (dragged) 18.pdf
66, 2012,"
Engagement lead on strategic engagements with Fortune 500 companies.
* Growth Strategy: Developed advanced quantitative models forecasting market growth, commodity prices,
and simulating competitive reaction to inform operational footprint and logistics.
¢ New Business Development: Developed proposals to secure new client and business opportunities.",,Manager,SCHLUMBERGER BUSINESS CONSULTING,hiring_manager_review1 (dragged) 18.pdf
67, 2010 To 2011,"
Served as consultant responsible for delivery of independent work streams.
¢ Supply Chain Optimization: Designed and developed procurement, sourcing, and contract management
strategy to secure taw materials for exploration and production service company. Delivered annual savings
over $10 million a year.
¢ Financial Modeling and Analyses: Developed scenarios and associated impact for global energy company
contemplating a spin-off of a major division.
¢ Executive Communication: Conducted interviews with senior executive leaders across leading energy
companies and venture capital firms around the world to develop industrywide benchmark report.
TRANSUNION Atlanta, GA",,Technical Lead,TRANSUNION,hiring_manager_review1 (dragged) 18.pdf
68, 2004 To 2008,"
using C++, Python, and SQL.
¢ New Product Development: Led team of five analysts to deliver national rollout of fraud detection platform.
¢ Advanced Modeling and Analytics: Successfully delivered automated customer screening and risk
assessment technology solution projected to double division revenues.
* Cross-functional Team Work: Liaison between clients, project management and technical staff by translating
customer needs into technical requirements.",,,,hiring_manager_review1 (dragged) 18.pdf
69,March 2016 — P,"
¢ — Oversee the customer lifecycle and ensure organizational alignment to proactively drive adoption and usage
of the Nielsen VIQ platform.
¢ Own client relationship and drive overall maturation of accounts by developing and implementing strategic
account plans that outline ROI opportunities, risk mitigation, CSAT, etc.
¢ Cultivate VP and C-Level relationships
¢ Lead and develop team of Account Managers in charge of implementation, development, and growth of
account portfolio to ensure platform/metric adoption
¢ Responsible for SOW creation, renewal and upsell opportunities; Contribute to new business
pitches/solutioning conversations
¢ Maintain P&L health, identifying ways to hit gross margin targets by adjusting processes, managing
resources, setting client expectations and adhering to project scope
¢ Member of Customer Success SWOT team, responsible for creating internal/external communication plans
for changing digital marketing landscape
¢ Manager and administrator for platform training/certification program through Lesson.ly",,Associate Client Partner,,hiring_manager_review1 (dragged) 19.pdf
70,August 2013 — Mar 2016,"
¢ — Served as day to day client contact for portfolio of enterprise clients
¢ — Responsible for cultivating and maintaining key client relationships
¢ Managed client implementations to scope, working with cross-functional teams to define, resource, and
schedule project plans
¢ Led weekly status calls and platform trainings/demos
e Ensured engagements resulted in satisfied clients/renewals, by managing expectations, showcasing
measurement and activation wins, and looking for upsell opportunities
Achieved a 90% renewal rate from 2013-2018
Consistently hit, year over year, Gross Margin goals
Since 2014, responsible for over $4M in upsell and expansion wins
Designed “Project Requirement Document” used to track and update all aspects of configuration for a client’s
SaaS platform
Worked with VIQ Training department on development and QA of user certification program
Led Client Services team with most referenceable clients in 2016 - 2018",,Senior Account Manager,Visible Technologies,hiring_manager_review1 (dragged) 19.pdf
71,Sept 2007 To July 2013,"
Social media monitoring, analytics, and engagement",,Senior Account Manager/CSM,,hiring_manager_review1 (dragged) 19.pdf
72,April 2012 To July 2013,"
¢ Lead client platform migrations to new SaaS product offering
¢ Communicated impact of recent merger to current and prospective clients
¢ Took on lead role for 2 largest technology accounts (Dell & Cisco)
¢ — Created new project plans and documentation to support legacy accounts
e Executed and delivered custom analysis on client ad-hoc requests",,,,hiring_manager_review1 (dragged) 19.pdf
73,October 2010 To ,"
¢ — Collaborated on development and roll-out of new Client Services team structure
¢ Managed a team of 3 CSM’s responsible for new client orientation, platform build, and initial report
delivery
¢ PMO for @Task; responsible for business cases, assignment and scheduling of all new client portfolios and
projects
¢ — Created new account transition and client on-boarding plans
¢ — Interviewed, mentored and developed junior level CSMs
¢ Implemented and managed Partner training programs
¢ Involved in sales demos and RFP responses",,Senior Client Services Manager,,hiring_manager_review1 (dragged) 19.pdf
74,Sept 2007 To Sept 2010,"
e Account and project manager for 15 client programs, including 7 of the top 10 enterprise-level accounts
which drive the largest revenue (e.g., P&G, Accenture, AKQA, Walmart, State Farm, Hilton, McDonald’s)
¢ — Strategically collaborated and communicated with both internal cross-functional teams and external
stakeholders on project and business objectives; managed design, client training, and ongoing support with
regards to Web-based software platform
¢ Led internal and external client kick-offs
¢ Contributed to proposals, solutions architecture, and custom research design
¢ — Responsible for client satisfaction, up-sells and contract renewals
¢ Developed and managed project timelines, methodologies, challenges, and budgets with internal team
members; crisis management
Achieved an 85% renewal rate on client projects ($3M+ revenue) from 2008 to 2012
Since 2009, responsible for over $850K in upsells
Key player in the design and implementation of @Task Project Management system
Involved in design and pitch of syndicated product offerings for lodging industry clients that netted over $1M in
revenue
CSM of team that won the “WPP Cream’d Award” for our work on P&G’s Olympic Sponsorship Campaign",,,THOMSON COMPUMARK,hiring_manager_review1 (dragged) 19.pdf
75,June 1997 To Sept 2007,,,Team Leader,,hiring_manager_review1 (dragged) 19.pdf
76,July 2004 To Sept 2007,"
customer satisfaction
¢ Manage client sales and price negotiation from standard to more tailored products/services
¢ Lead and oversee 2 research teams consisting of 18 employees of post-production staff. Hire, develop, and
coach staff members, and handle all performance management responsibilities
¢ Create team structure and customized products to meet client needs
Managed new account team (2006) that generated $60,000 in revenue in 6 months for new client with specialized
needs and tailored products
Served as team leader for new Six-Sigma Operational Excellence Program to improve product quality
Supported improvement in quality of reports (from 95.5% in 2003 to 98.2% in 2007) and increase in employee
production (30% increase from 2004 to 2007)
“Employee of the Year” nominee (nominated by management for overall excellence); “Rally!” award recipient
(presented by peers and management for going above and beyond)
Partnered with marketing department to create client satisfaction surveys and product promotions",,,,hiring_manager_review1 (dragged) 19.pdf
77, 2018 — P,"
Leveraging 22+ years of strategic data alignment supporting leading companies to launch management consulting
practice to help organizations realize the inherent value of their enterprise data asset in support of Growth,
Productivity, Risk and People. Spun-off venture practice to focus on global challenges around data ownership,
privacy and master data solutions for G2C, B2B and B2C.
Notable Accomplishments:
> Led business development strategies supporting public and private sectors.
> Designed enterprise domains and back-end infrastructure using elastic cloud technology to support
company operations and innovative development.
» Established online presence, press releases and marketing materials to build brand awareness.
> Developed industry agnostic data-driven models supporting key organizational facets in Finance,
Operations, Sales and Marketing.
> Fostered key partnerships in the government space for sub-contracting opportunities around strategy,
planning and execution.
>» Advanced investment strategies using real-time security master engines and artificial intelligence.
> Partnered on digital ID concepts and the potential benefits for G2C, B2B and B2C.",,Founder & Managing Partner,Data & Analytics,hiring_manager_review1 (dragged) 21.pdf
78, 2015 — 2018,"
Joined as Head of Enterprise Information Management & Data Strategy supporting $200B+ in Assets Under
Management (AUM) and $150M+ in daily sales across 7 business units spanning 15 affiliated fund managers and
200+ investment products.
Notable Accomplishments:
> Led the migration ofa legacy reporting and analytics infrastructure to an elastic cloud architecture resulting
in $675K ROI over 5 years and grow global analytics exposure across the organization by 200%.
» Established balanced data governance standards for master data management, reference data management,
data quality and enterprise data risk exposure resulting in 98% Improvement in Enterprise Data Quality.
>» Aligned sales management strategy to channel and territory configurations across 2200 team members,
training and growing self-serve analytics across the organization by 300%.
> Developed, designed and implemented Know-Your-Customer (KYC) capabilities by identifying and
modeling 370+ strategic/discretionary advisors resulting in 3000+ prospects identified to nurture a farm
system and improve brand and products awareness.
> Built /nsights, an innovative enterprise reporting portal enhanced by a custom-built home office and mobile
voice analytics assistant for business updates, prospecting and business glossaries/definitions.
> Achieved 100% improvement in predictive modeling, integrated 6 customer life-cycle management
systems and connected 50 enterprise data assets to support 360° customer view monitoring and modeling
sales cycles and marketing activities.
>» Established a knowledge propagation center of excellence across the enterprise, the Data Center of
Excellence (DCoE) to drive the value of data and analytics for the business units in support of company
goals.",,Senior Vice President,Natixis Global Asset Management,hiring_manager_review1 (dragged) 21.pdf
79, 2014 — 2015,"
Served on core executive team as Chief Data Architect and Head of US and International Data Architecture with
operations spanning across 13 countries. Designed and developed the enterprise-wide data strategy supporting
distribution and sales for group and individual policy holders.
Notable Accomplishments:
> Provided thought-leadership developing data architecture principles around Big Data, Logical Data",,and International Data Architecture,Sun Life Financial,hiring_manager_review1 (dragged) 21.pdf
80,,,,,Warehousing and Data Virtualization,hiring_manager_review1 (dragged) 21.pdf
81,,"
> Established measurement strategies around Key Performance Indicators (KPI) to develop operational
performance and risk analytics around claims, billing, and distribution to improve service and retention.
> Spearheaded 360° customer analysis to improve customer retention rate by 6% through centralized
reporting engines leveraging Big Data technology and analytic platforms to integrate enterprise customer
experience applications.
> Leveraged 3"" party data sets such as Dun & Bradstreet and Judy Diamond to model effective and
innovative strategies to master distribution data and develop Know-Your-Customer (KYC) concepts around
group sponsors for prospecting.",,,LYLE STEERE PAGE 3,hiring_manager_review1 (dragged) 21.pdf
82, 2007 — 2014,"
First hire as Head of Enterprise Data and Database Architecture supporting $8B in revenue to build an enterprise-
wide data and analytics program across shared Enterprise Resource Planning (ERP) and financial services
environments supporting 5 secured lines-of-business.
Notable Accomplishments:
> Aligned business operations strategy to government initiatives around financials, forecasting, data
warehousing, business intelligence and advanced analytics.
>» Developed warehousing and analytics solutions for operational performance and risk management around
time and labor for 30K government contracted employees and 2K+ business users leveraging dynamic
virtual solutions spread across 3 geographic locations spanning 45 offices worldwide.
>» Reduced critical batch processing time pain points by migrating the existing ERP environment to a Linux
based platform on a 10-node highly-available architecture with dedicated weekend maintenance windows
resulting in a 20% improved productivity across 2200+ business users.
> Designed and implemented 5 enterprise private database clouds across 3 data centers to leverage hardware
resources and control licensing costs resulting in $6M realized ROI over 5 years.
> Led data architectture for next generation Oracle E-Business (R12) and data warehousing environments
using engineered machines.
> Partnered with compliance to build a change management framework for audits and onboarding leveraging
business process automation, business intelligence and advanced analytics.
>» Developed and automated custom self-escalation procedures to support compliance.
EARLY CAREER",,Head of Enterprise Data & Database Architecture,General Dynamics Information Technology,hiring_manager_review1 (dragged) 21.pdf
83,,,,,First Marblehead Corporation MA State Street Corporation MA Extraprise,hiring_manager_review1 (dragged) 21.pdf
84,,"
collapsing 5 legacy systems into a central loan origination system resulting in $50M ROI over 5 years.
> Streamlined operational processes and facilitated optimal performance by successfully migrating 44 Sybase
servers following organization’s merger & acquisition of Deutsche Bank custody business.
> Spearheaded data architecture efforts supporting enterprise accounting warehouse.
> Supported 26 countries and 1500 global enterprise applications across a team of highly skilled data
architects and engineers.
» Played key role in positioning company for corporate-wide auditing initiatives monitoring
unauthorized/privileged access while integrating into an open-systems security model.
» Led data architecture for Pfizer’s Siebel implemention supporting analytics around physicians and patients
interactions and modeled implementation for a hosted on-demand marketing services platform.",,Notable Accomplishments,Group Inc MA Neogenesis MA Interlock Media,hiring_manager_review1 (dragged) 21.pdf
85,Jun 2016 — P,"
Global Leader, Mercer Digital D&A
Key Responsibilities and Achievements:
Big Data, Machine Learning and BI —
¢ Managing and coaching a team of 21 Data Scientists and BI experts at Mercer (including extended team members who
are Mercer FTEs from Global Technology organization), reporting into Mercer Chief Digital Officer
¢ — Partnered with Global Technology in building out Mercer Hadoop environment (Hortonworks HDF, HDP, Spark and
Zeppelin) in a business leader capacity: responsible for requirements, data architecture, business use cases and assistance
to senior leaders in CAPEX planning to secure resource funding
¢ ~Co-led evaluation of BI technology and successfully implemented Qlik Sense as an enterprise-robust BI platform to
serve both internal stakeholder and external client audience
¢ — Spearheaded in the development of Mercer’s first ML algorithm to predict client retention risk and future revenue
potential ($10.5 million revenue protection from 6 pilots); independently wrote data processing and ML codes in Scala to
harness the power of Spark ML libraries and hyperparameter tuning. The ML algorithm is released in production
Hadoop environment through a compressed JAR archive
¢ Led the team to build a product/service recommender system with Python and R programs to improve cross-sale revenue
over Mercer’s premier client base; developed NLP capabilities with deep learning (CNN and RNN via Keras) to process
unstructured text data for sentiment and media effectiveness analyses
¢ — Acted as a Data Science knowledge expert in Mercer actuarial workforce transformation; trained a small group of
Mercer actuaries on ML and Hadoop in a pilot program as of December ’17",,Global Leader,Mercer,hiring_manager_review1 (dragged) 23.pdf
86,,"
¢ — Customized and launched Salesforce Mobile (a.k.a. Salesforce1) to 4,500 users in Mercer field offices in a partnership
with Mercer IT CRM team
¢ Led idealization, development and rollout of Client Insights, a sales planning and intelligence tool, to Mercer US,
Canada and Growth Markets; the tool provided 360-degree view of Mercer client relationship and later became the main
vehicle to introduce Client Retention ML algorithm (mentioned above)
¢ — Oversaw a team effort in prototyping client facing applications to improve consulting project efficiency and profitability
(e.g. Aging Diagnostic Modeler and Microsite Monitoring App)",,,CRM and Marketing/Sales Technology,hiring_manager_review1 (dragged) 23.pdf
87,Aug 2014 — Jun 2016,,,,"Commvault Systems , Inc",hiring_manager_review1 (dragged) 23.pdf
88,,,,Key Responsibilities and Achievements,Head of Marketing Operations and Intelligence,hiring_manager_review1 (dragged) 23.pdf
89,,,,CAREER HISTORY,BI and Advanced Analytics,hiring_manager_review1 (dragged) 23.pdf
90,,,,,"Commvault Systems , Inc",hiring_manager_review1 (dragged) 23.pdf
91,,"
Operational Responsibilities —
¢ — Responsible for key Marketing Operations functions (organizational performance measurement, marketing data and
technology platforms, process enablement and budget planning)
¢ — Oversaw end-to-end lead management process in Commvault
e — Established a strong interlock between Marketing and Sales from process and infrastructure perspectives
¢ Launched a joint initiative (‘Polaris’) with Sales Ops, where a 360 degree view of prospects, customers and partners is
further enhanced with predictive intelligence to enable Sales territory planning, account planning and execution. Project
hit critical milestones with solid field sales adoption and proven business results",,Key Responsibilities and Achievements,Head of Marketing Operations and Intelligence,hiring_manager_review1 (dragged) 23.pdf
92,Jun 2013 — Aug 2014,,,,"SMS Marketing Services , Inc",hiring_manager_review1 (dragged) 23.pdf
93,,"
¢ — Established analytics environment (software, system and processes) within first month on job
¢ — Provided analytics consulting to clients and prospects in an agency setting and helped SMS Marketing Services win a
number of critical accounts in merchandizing, apparel and home furnishing and non-profit industries
¢ — Oversaw complete lifecycle of model development and deployment; independently developed 31 custom models for
clients and 55 ready-to-deploy consumer personal models, which delivered proven results and increasing client list
orders. Models are found to often bring twice the response rates of clients’ campaign benchmarks and 15% ~ 45% in
reduction of cost per lead.
e Advised CEO and President on digital strategy making in order to complete company service portfolio and capture long
term growth opportunities in digital marketing business
¢ — Recruitment and built out an analytics team from ground up",,Key Responsibilities and Achievements,SVP Modeling and Analytics,hiring_manager_review1 (dragged) 23.pdf
94,May 2005 — Jun 2013,,,Senior Director Advanced Analytics & Enablement,SAP,hiring_manager_review1 (dragged) 23.pdf
95,Jan 2013 — Jun 2013,,,Director Advanced Analytics Center of Excellence,,hiring_manager_review1 (dragged) 23.pdf
96,Jul 2010 - Dec 2012,,,Director Global Business Analytics,,hiring_manager_review1 (dragged) 23.pdf
97,Feb 2007 — Jun 2010,,,Senior Manager,Global Business Analytics,hiring_manager_review1 (dragged) 23.pdf
98,May 2005 — Jan 2007,"
Managed SAP’s internal analytics unit and brought science of marketing to regional marketing and sales program executions
Key Responsibilities and Achievements:
¢ — Built and led a team of 23 analysts (FTEs and contractors) and project management professionals in successfully
expanding Insight Driven Marketing (IDM) program footprint into all geo-regions, medial channels and marketing/sales
funnel.
¢ — Responsible for running analytics development and established a cost-effective resourcing framework with on-shore,
nearshore and off-shore vendor-supplied talents
¢ Engineered, both independently and as a team lead, over 200+ propensity models, market basket product association
models and on-line content personalization engines to meet go-to-market business needs of SAP’s rapid expanding
product portfolios. Ones worth noting include —
¢ Independently developed SAP’s first automated marketing lead scoring solution, which had been implemented on
SAP’s production CRM platform to systematically assess lead quality and organizational performance
¢ — Oversaw development of SAP’s first sales pipeline scoring solution to provide SAP sales organizations with tactical
guidance on pipeline likelihood-to-close and speed-to-close so that sales organizations could prioritize resources on
high potential opportunities in order to meet their sales quota
¢ Brought outside-in market search, market surveys and SAP business intelligence together to offer internal stakeholders a
comprehensive views of total addressable market
¢ — Acted as business owner of SAP’s Marketing Intelligence Platform (MIP), which brings data, development and
deployment of business and predictive intelligence onto one complex CRM system to meet SAP marketing and sales
business demands
¢ Managed day-to-day operational aspects of analytics & enablement team and offering career development guidance to
each individual employee
¢ Led cross-functional teams to review projects/initiatives and roll out analytics support to SAP’s Integrated Marketing",,,,hiring_manager_review1 (dragged) 23.pdf
99, 2012,"
¢ Conducted RFP and cost-benefit analyses during numerous vendor selection processes",,,"BookSpan , Inc",hiring_manager_review1 (dragged) 23.pdf
100,Dec 1997 — Mar 2005,"
Key Responsibilities and Achievements:
e Led a team of DBM professionals to provide end-to-end internal consulting to customer acquisition and account
management teams; oversaw execution of a series of CRM models; conducted performance appraisals and provided
mentorship for team members
WENLIAN YU - PAGE 3 OF 4
CAREER HISTORY (CONT.)",,Assistant Director,Database Marketing & Risk Management,hiring_manager_review1 (dragged) 23.pdf
101,,"
Assistant Director, Database Marketing & Risk Management (Cont.)
Key Responsibilities and Achievements (Cont.):
¢ — Applied advanced statistical techniques in Direct Marketing, CRM and Risk Management areas to achieve lower
acquisition costs, higher existing customer sales and reduction in bad debt exposure
¢ Participated in design and construction of Bookspan’s Marketing Database (Teradata platform/Oracle Query
Environment), a relational database consists of 48 MM expired and active accounts and 280 MM promotional records;
conducted UAT; leveraged statistical models in developing marketing strategies; presented database benefits to senior
management
¢ — Responsible for BookSpan’s Application Screening System (DB2 platform), including independent creation of Locator
and Point Scoring models, model installation and maintenance, Survey Question installation, and enrollment/reject
reporting
¢ — Designed miscellaneous SAS databases to achieve certain modeling objectives
¢ — Incorporated Experian’s list screening solution, Veri-score, into BookSpan’s DM Merge/Purge processes
¢ — Utilized Experian credit pre-approval process in designing risk screening solutions for Bookspan Internet enrollments",,Assistant Director,"BookSpan , Inc",hiring_manager_review1 (dragged) 23.pdf
102,Jun 1997 — Nov 1997,,,,Beneficial Financial Corporation,hiring_manager_review1 (dragged) 23.pdf
103,,"
¢ — Provided senior management with a profile summary of delinquent accounts subjecting to routing from local loan offices
to a central collection center; organized a team of risk analysts to gather, clean up and merge-purge samples from all
Beneficial local loan offices and consequently loaded data into Beneficial database; conducted JCL and SAS seminars
for risk analysts",,Key Achievements,Acquired by HSBC,hiring_manager_review1 (dragged) 23.pdf
104,Jul 1996 — Jun 1997,"
Student Card; independently built balance attrition models post account introductory APR expirations for each risk
segment; reengineered previously built logistic and probabilistic models to improve predictions on response rates and
charge-off probabilities for balance transfer programs; created log-linear models to study the effects of various options
on response rates so that business analysts could design better-responded credit card products; initiated and conducted
SAS programming skill training to MIS analysts to improve efficiency in model implementation and account
segmentation",,Key Achievements,Capital One Financial Corporation,hiring_manager_review1 (dragged) 23.pdf
